OE Opportunities,,,,,,,,,,Formula,,,,,,,Formula,,,,
,,,,,,,Lead,Lead,,,,,Contract,,Estimated,Estimated, 84.2 ,,,,
Sr. no.,Customer,Description,Business Unit,"Product 
category","Product
subcategory","Business 
category","PIN 
Sales","PIN 
Presales","Deal 
stage","Deal 
classification","Deal 
status","Winning 
probability",Estimated closure date,Confidence level,Lifetime volume,Unit price (INR),Unit price (USD),"TCV 
(USD Mln.)",Comments,PMS,Remarks
1,   Royal Enfield,Navigation Display unit ,MAC,Other MAC,Cluster (2W),Line-fit,Gaurav,Haseeb,O (H),Hold,Other,0%,TBC,Low," 9,00,000 "," 1,200 ", 14.3 , 12.8 ,On hold due to bandwidth issue.,N,
2,Ashok Leyland (CV),"360-deg. camera solution (4-camera with 6"" screen)",MAC,Smartcam,360-deg. camera,POC - Paid,Gaurav,Haseeb,O (H),Hold,Other,0%,TBC,Low, 1 ," 22,000 ", 261.3 , 0.0 ,"ADAS is priority for AL at this stage, once the feature is rolled out then 360 feature will be explored",N,
3,Honda (4W),360-deg. camera solution,MAC,Smartcam,360-deg. camera,Line-fit,Ashish,Rachit,O (H),Hold,Other,0%,TBC,Low," 46,800 "," 13,000 ", 154.4 , 7.2 ,On-hold from Honda,N,
4,Honda (4W),"USB Charger (A-Type/C-Type) (15W, 45W, 65W)",MAC,Other MAC,USB port,Line-fit,Ashish,Rachit,O (H),Hold,Other,0%,TBC,Mid," 78,000 "," 2,125 ", 25.2 , 2.0 ,Honda will release RFQ after vendor-code-creation,N,
5,Mahindra (4W),Branded Audio for U171 (Bolero Sports) - 10-spk,MPC,Sound ,Spk + Amp,Line-fit,Parvez,Rachit,O (L),Lost,Lost,Lost,Sep-25,Lost," 1,20,000 "," 13,000 ", 154.4 , 18.5 ,Lost to Sony,,
6,Mahindra (4W),Branded Audio for Z115 (Scorpio N Refresh) - 12-spk,MPC,Sound ,Spk + Amp,Line-fit,Parvez,Rachit,O (L),Lost,Other,0%,Dec-25,Lost," 4,39,000 "," 15,000 ", 178.1 , 78.2 ,Lost to Harman,Y,
7,Mahindra (4W),Wirless Charger MPP Profile Qi 2.1,MAC,Other MAC,WLC,Line-fit,Gaurav,Haseeb,E,RFQ,Opportunity,50%,Mar-26,High," 10,00,000 "," 1,900 ", 22.6 , 22.6 ,"RFQ received, TSO prpeparation in progress",N,
8,Mahindra (4W),Branded Audio for D101 (Thar Sport) - 10-spk,MPC,Sound ,Spk + Amp,Line-fit,Parvez,Rachit,O (L),Lost,Other,0%,Mar-26,Low," 4,96,056 "," 13,500 ", 160.3 , 79.5 ,Lost to Sony.,Y,
9,Mahindra (4W),USB Port - Type A/C (60W + 20W),MAC,Other MAC,USB port,Line-fit,Gaurav,Haseeb,B,Before Lead,Lead Generation,35%,Sep-26,Low," 2,08,000 ", 400 , 4.8 , 1.0 ,Awaiting RFQ from M&M,N,
10,MSIL (4W),Entry DA,MPC,IVI ,DA,Line-fit,Ashish,Rachit,O (L),Lost,Other,20%,Dec-25,Low," 12,00,000 "," 7,500 ", 89.1 , 106.9 ,,Y,
11,MSIL (4W),Dashcam solutions,MAC,Smartcam,Dashcam,Line-fit,Ashish,Rachit,D,Lead,Supplier Qualification,50%,Dec-26,Mid," 7,32,000 "," 4,000 ", 47.5 , 34.8 ,,N,
12,MSIL (4W),Premium Sound (4+2),MPC,Sound ,Spks.,Line-fit,Ashish,Rachit,O (L),Lost,Other,25%,Dec-25,Low," 4,25,000 "," 2,000 ", 23.8 , 10.1 ,,Y,
13,MSIL (4W),Premium Sound (4+2+1+1),MPC,Sound ,Spks.,Line-fit,Ashish,Rachit,O (L),Lost,Other,25%,Dec-25,Low," 2,00,000 "," 4,500 ", 53.4 , 10.7 ,,Y,
14,MSIL (4W),Roof speaker,MPC,Sound ,Spks.,Line-fit,Ashish,Rachit,O (L),Lost,Other,0%,Mar-26,Low," 2,50,000 ", 300 , 3.6 , 0.9 ,,Y,
15,Renault  (4W),"12.3"" IVI",MPC,IVI ,IVI,Line-fit,Gaurav,Haseeb,O (L),Lost,Other,0%,Mar-26,Low," 1,00,000 "," 20,000 ", 237.5 , 23.8 ,IVI awarded to Visteon,Y,
16,Renault  (4W),360-deg. camera solution,MAC,Smartcam,360-deg. camera,Line-fit,Gaurav,Haseeb,O (L),Lost,Other,0%,Mar-26,Low," 1,50,000 "," 14,350 ", 170.4 , 25.6 ,"Renault’s expectations included execution of at least one prior vehicle fitment program by Pioneer, and the SOP timeline of 2026 also contributed to their decision",N,
17,Renault  (4W),Wireless Charger Qi2.2,MAC,Other MAC,WLC,Line-fit,Gaurav,Haseeb,E,RFQ,Opportunity,50%,Dec-26,Low," 4,00,000 "," 2,200 ", 26.1 , 10.5 ,Technical proposal under preparation,N,
18,Renault  (4W),"6.5"" Commodity speaker - SWEET platform",MPC,Sound ,Spks.,Line-fit,Gaurav,Rachit,O (L),Lost,Other,0%,Lost,Low," 6,00,000 ", 300 , 3.6 , 2.1 ,,Y,
19,Renault  (4W),"4.5"" Commodity speaker - Kwid",MPC,Sound ,Spks.,Line-fit,Gaurav,Rachit,O (L),Lost,Other,0%,Lost,Low," 15,00,000 ", 116 , 1.4 , 2.1 ,,N,
20,Renault  (4W),"6.5"" Commodity speaker - Kiger, Triber",MPC,Sound ,Spks.,Line-fit,Gaurav,Rachit,O (L),Lost,Other,0%,Lost,Low," 15,00,000 ", 138 , 1.6 , 2.5 ,,Y,
21,Nissan (4W),"12.3"" CDC",MPC,IVI ,CDC,Line-fit,Gaurav,Haseeb,C,Lead,Lead Qualification,50%,Mar-27,Low," 6,35,000 "," 28,000 ", 332.5 , 211.1 ,Awaiting direction from Nissan for RFQ,Y,
22,Stellantis (4W),"6.5"" speaker (Export market)",MPC,Sound ,Spks.,Line-fit,Gaurav,Rachit,O (D),Dropped,Other,0%,Dropped,Low," 5,45,000 ", 170 , 2.0 , 1.1 ,No response from Stellantis,N,
23,Stellantis (4W),360-deg. camera solution,MAC,Smartcam,360-deg. camera,Line-fit,Gaurav,Haseeb,SECURED,Win,Closing,100%,Secured,Secured," 22,800 "," 14,350 ", 170.4 , 3.9 ,,N,
24,FIAT,360 Camera,MAC,Smartcam,360-deg. camera,End-of-Line,KG/PA,Haseeb,D,Lead,Supplier Qualification,50%,Sep-26,Low," 9,000 "," 25,000 ", 296.9 , 2.7 ,Discussion in progress with Stellantis Engg. team,N,
25,Tata CV (CV),Infotainment,MPC,IVI ,IVI,Line-fit,Parvez,Haseeb,O (D),Dropped,Other,0%,Dec-25,Dropped," 6,000 "," 25,000 ", 296.9 , 1.8 ,"Tata is not ready to handle MAP Topic, 
Due to its complexity and less volume Pioneer dropped this Project",Y,
26,Tata CV (CV),DMS,MAC,Other MAC,DMS,Line-fit,Parvez,Haseeb,O (L),RFQ,Lost,Lost,Nov-25,Lost," 5,00,000 "," 3,800 ", 45.1 , 22.6 ,Lost to (Novus Hi-Tech).,,
27,Hyundai,360-deg. camera solution,MAC,Smartcam,360-deg. camera,Line-fit,Gaurav,Haseeb,A,Before Lead,Planning,0%,TBC,Low, -   , -   , -   , -   ,,N,
28,VW / Skoda (4W),360-deg. camera solution,MAC,Smartcam,360-deg. camera,DOP,Parvez,Haseeb,O (D),Dropped,Other,0%,Dec-25,Dropped," 8,000 "," 13,500 ", 160.3 , 1.3 ,"We were not getting desired volume, Meantime Price of 360 degree increase due to technology shift from single chanel to dual chanel.",N,
29,VW / Skoda (4W),Dashcam (520DC),MAC,Smartcam,Dashcam,DOP,Parvez,Haseeb,O (D),Dropped,Other,0%,Dec-25,Dropped," 8,000 "," 5,000 ", 59.4 , 0.5 ,Less intrest from SAVW side.,N,
30,Eicher/Volvo (CV),IVI,MPC,IVI ,IVI,Line-fit,Parvez,Haseeb,O (D),Lost,Lost,Lost,Oct-25,Dropped," 1,00,000 "," 14,000 ", 166.3 , 16.6 ,VECV Was looking for engineering service and IVI development they wanted to develop with another source.,,Dropped by Pioneer.
31,Eicher/Volvo (CV),Wirless Charger MPP Profile Qi 2.2,MAC,Other MAC,WLC,Line-fit,Parvez,Haseeb,E,RFQ,Opportunity,50%,Jun-26,Mid," 1,00,000 "," 2,500 ", 29.7 , 3.0 ,RFQ received (28-Dec-2025),N,
32,VW / Skoda (4W),Infotainment,MPC,IVI ,IVI,DOP,Parvez,Haseeb,O (D),Dropped,Other,0%,Oct-25,Dropped," 20,000 "," 13,000 ", 154.4 , 3.1 ,"RFQ Received, Commercial offer submitted.
SAVW expectation is 12000 Against our Quote of 14500 INR",N,AFT product base proposed
33,Nissan (4W),Tweeter,MPC,Sound ,Spks.,Line-fit,Gaurav,Rachit,O (L),Lost,Other,0%,Lost,Mid," 6,35,000 ", 130 , 1.5 , 1.0 ,,,
34,Nissan (4W),Wirless Charger MPP Profile Qi 2.1,MAC,Other MAC,WLC,Line-fit,Gaurav,Haseeb,C,Lead,Lead Qualification,50%,Mar-27,Mid," 6,35,000 "," 1,900 ", 22.6 , 14.3 ,Awaiting RFQ from Nissan,,
35,Nissan (4W),USB Port - Type A/C (60W + 20W),MAC,Other MAC,USB port,Line-fit,Gaurav,Haseeb,C,Lead,Lead Qualification,50%,Mar-27,Mid," 6,35,000 ", 500 , 5.9 , 3.8 ,Awaiting RFQ from Nissan,,
36,Mahindra (4W),IRVM - with DVR,MAC,Smartcam,Digital mirror,Line-fit,Gaurav,Haseeb,F,RFQ,Negotiation,75%,Mar-26,Low," 3,77,000 "," 16,000 ", 190.0 , 71.6 ,TSO signed. Commercial negotiations to begin soon.,,
37,Renault  (4W),"1"" Tweeter - Special Edition Kiger/Triber ",MPC,Sound ,Spks.,Line-fit,Gaurav,Rachit,O (L),Lost,Other,0%,Lost,High," 5,00,000 ", 130 , 1.5 , 0.8 ,,,
38,Daimler (CV),RVC+Display,MAC,Smartcam,RVC with Display,Line-fit,Gaurav,Haseeb,E,RFQ,Opportunity,50%,Dec-26,Mid," 4,750 "," 11,000 ", 130.6 , 0.6 ,RFQ received. Proposal to be submitted.,,
39,Stellantis (4W),Wireless Charger Qi2.2,MAC,Other MAC,WLC,Line-fit,Gaurav,Haseeb,C,Lead,Lead Qualification,50%,Dec-26,Mid," 2,10,000 "," 2,100 ", 24.9 , 5.2 ,Awaiting RFQ from Stellantis,,
40,Renault  (4W),"6.5"" speaker - Special Edition Kiger/Triber ",MPC,Sound ,Spks.,Line-fit,Gaurav,Rachit,O (L),Lost,Other,0%,Lost,Low," 79,800 "," 5,000 ", 59.4 , 4.7 ,,,
41,Mahindra (4W),IRVM - without DVR,MAC,Smartcam,Digital mirror,Line-fit,Gaurav,Haseeb,F,RFQ,Negotiation,75%,Mar-26,Low," 3,77,000 "," 13,000 ", 154.4 , 58.2 ,TSO signed. Commercial negotiations to begin soon.,,
42,Force Motors (CV),Speaker,MPC,Sound ,Spks.,Line-fit,Parvez,Rachit,F,RFQ,Negotiation,75%,Mar-26,Mid," 12,000 "," 2,500 ", 29.7 , 0.4 ,Conditional nomination received. Test reports pending.,,
43,Force Motors (CV),1 DIN,MPC,IVI ,IVI,Line-fit,Parvez,Rachit,F,RFQ,Negotiation,75%,Mar-26,Mid," 6,000 "," 3,200 ", 38.0 , 0.2 ,Conditional nomination received. Test reports pending.,,
44,Tech Mahindra (4W),1 DIN,MPC,IVI ,IVI,Line-fit,Parvez,Rachit,O (D),Dropped,Other,0%,Dropped,Dropped," 93,100 "," 1,500 ", 17.8 , 1.7 ,,,
45,Tata PV (4W),Infotainment,MPC,IVI ,IVI,Line-fit,Parvez,Haseeb,A,Before Lead,Planning,0%,TBC,Low," 50,000 "," 8,000 ", 95.0 , 4.8 ,"Intial level technical proposal submitted,follow up meeting planned in Jan 26.",,
46,Ashok Leyland (CV) - Bus,"Connected 360-deg. camera + 7"" display",MAC,Smartcam,360-deg. camera,Line-fit,Ashish,Rachit,A,Before Lead,Planning,0%,TBC,Low, -   , -   , -   , -   ,,,
47,Ashok Leyland (CV) - Bus,"RVC + 7"" display",MAC,Smartcam,RVC,Line-fit,Ashish,Rachit,A,Before Lead,Planning,0%,TBC,Low, -   , -   , -   , -   ,,,
48,Mahindra (4W),Wirless Charger MPP Profile Qi 2.2,MAC,Other MAC,WLC,Line-fit,Gaurav,Haseeb,F,RFQ,Negotiation,75%,Mar-26,Mid," 15,00,000 "," 2,100 ", 24.9 , 37.4 ,RFQ received. TSO submitted. Negotiations in progress.,,
49,Mahindra (4W),IRVM with 2-camera (for Bolero pickup),MAC,Smartcam,Digital mirror,Line-fit,Gaurav,Haseeb,A,Before Lead,Planning,0%,TBC,Low," 2,50,000 "," 8,000 ", 95.0 , 23.8 ,POC planned on 30-Jan-2026,,
50,MG Motor (4W),"LVDS camera (part of 360-deg, without ECU)",MAC,Smartcam,360-deg. camera,Line-fit,Gaurav,Haseeb,E,RFQ,Opportunity,50%,Mar-26,Mid," 10,00,000 "," 1,200 ", 14.3 , 14.3 ,TSO under discussion,,
51,Mahindra (4W),W616 (XUV 7XO) - Booster amp + Center &/or Roof,MPC,Sound ,Spk + Amp,Line-fit,Parvez,Rachit,D,Lead,Supplier Qualification,50%,Dec-26,Low," 1,25,000 "," 5,000 ", 59.4 , 7.4 ,RFI received. Response to be submitted.,,
52,,,,,,,,,,#N/A,#N/A,#N/A,,,,, -   , -   ,,,
53,,,,,,,,,,#N/A,#N/A,#N/A,,,,, -   , -   ,,,
54,,,,,,,,,,#N/A,#N/A,#N/A,,,,, -   , -   ,,,
55,,,,,,,,,,#N/A,#N/A,#N/A,,,,, -   , -   ,,,
56,,,,,,,,,,#N/A,#N/A,#N/A,,,,, -   , -   ,,,
57,,,,,,,,,,#N/A,#N/A,#N/A,,,,, -   , -   ,,,
58,,,,,,,,,,#N/A,#N/A,#N/A,,,,, -   , -   ,,,
59,,,,,,,,,,#N/A,#N/A,#N/A,,,,, -   , -   ,,,
60,,,,,,,,,,#N/A,#N/A,#N/A,,,,, -   , -   ,,,
61,,,,,,,,,,#N/A,#N/A,#N/A,,,,, -   , -   ,,,
62,,,,,,,,,,#N/A,#N/A,#N/A,,,,, -   , -   ,,,
63,,,,,,,,,,#N/A,#N/A,#N/A,,,,, -   , -   ,,,
64,,,,,,,,,,#N/A,#N/A,#N/A,,,,, -   , -   ,,,
65,,,,,,,,,,#N/A,#N/A,#N/A,,,,, -   , -   ,,,
66,,,,,,,,,,#N/A,#N/A,#N/A,,,,, -   , -   ,,,
67,,,,,,,,,,#N/A,#N/A,#N/A,,,,, -   , -   ,,,
68,,,,,,,,,,#N/A,#N/A,#N/A,,,,, -   , -   ,,,
69,,,,,,,,,,#N/A,#N/A,#N/A,,,,, -   , -   ,,,
70,,,,,,,,,,#N/A,#N/A,#N/A,,,,, -   , -   ,,,
71,,,,,,,,,,#N/A,#N/A,#N/A,,,,, -   , -   ,,,
72,,,,,,,,,,#N/A,#N/A,#N/A,,,,, -   , -   ,,,
73,,,,,,,,,,#N/A,#N/A,#N/A,,,,, -   , -   ,,,
74,,,,,,,,,,#N/A,#N/A,#N/A,,,,, -   , -   ,,,
75,,,,,,,,,,#N/A,#N/A,#N/A,,,,, -   , -   ,,,
76,,,,,,,,,,#N/A,#N/A,#N/A,,,,, -   , -   ,,,
77,,,,,,,,,,#N/A,#N/A,#N/A,,,,, -   , -   ,,,
78,,,,,,,,,,#N/A,#N/A,#N/A,,,,, -   , -   ,,,
79,,,,,,,,,,#N/A,#N/A,#N/A,,,,, -   , -   ,,,
80,,,,,,,,,,#N/A,#N/A,#N/A,,,,, -   , -   ,,,
81,,,,,,,,,,#N/A,#N/A,#N/A,,,,, -   , -   ,,,
82,,,,,,,,,,#N/A,#N/A,#N/A,,,,, -   , -   ,,,
83,,,,,,,,,,#N/A,#N/A,#N/A,,,,, -   , -   ,,,
84,,,,,,,,,,#N/A,#N/A,#N/A,,,,, -   , -   ,,,
85,,,,,,,,,,#N/A,#N/A,#N/A,,,,, -   , -   ,,,
86,,,,,,,,,,#N/A,#N/A,#N/A,,,,, -   , -   ,,,
87,,,,,,,,,,#N/A,#N/A,#N/A,,,,, -   , -   ,,,
88,,,,,,,,,,#N/A,#N/A,#N/A,,,,, -   , -   ,,,
89,,,,,,,,,,#N/A,#N/A,#N/A,,,,, -   , -   ,,,
90,,,,,,,,,,#N/A,#N/A,#N/A,,,,, -   , -   ,,,
91,,,,,,,,,,#N/A,#N/A,#N/A,,,,, -   , -   ,,,
92,,,,,,,,,,#N/A,#N/A,#N/A,,,,, -   , -   ,,,
93,,,,,,,,,,#N/A,#N/A,#N/A,,,,, -   , -   ,,,
94,,,,,,,,,,#N/A,#N/A,#N/A,,,,, -   , -   ,,,
95,,,,,,,,,,#N/A,#N/A,#N/A,,,,, -   , -   ,,,
96,,,,,,,,,,#N/A,#N/A,#N/A,,,,, -   , -   ,,,
97,,,,,,,,,,#N/A,#N/A,#N/A,,,,, -   , -   ,,,
98,,,,,,,,,,#N/A,#N/A,#N/A,,,,, -   , -   ,,,
99,,,,,,,,,,#N/A,#N/A,#N/A,,,,, -   , -   ,,,
100,,,,,,,,,,#N/A,#N/A,#N/A,,,,, -   , -   ,,,
